date,action,strike,premium,qty,cost,spot,pnl,return
2014-01-20,buy,70.0,11.164810874421313,17.0,18980.178486516234,69.83416706002347,,
2014-01-21,buy,65.0,12.057149872655323,16.0,19291.439796248516,67.4793883660845,,
2014-01-22,buy,65.0,11.57815299453322,16.0,18525.044791253153,66.7502085739992,,
2014-01-23,buy,65.0,10.733604780790706,17.0,18247.1281273442,65.43194174591137,,
2014-01-27,buy,65.0,10.28572139835131,17.0,17485.72637719723,64.7142154053358,,
2014-01-28,buy,65.0,9.208589948475737,8.0,7366.87195878059,62.92738249784931,,
2015-02-16,stop_loss,,,,,,-12426.577376807056,
2015-02-16,stop_loss,,,,,,-7884.898709365529,
2015-02-17,stop_loss,,,,,,-6415.877448147377,
2015-02-18,stop_loss,,,,,,-6680.349704782586,
2015-02-18,buy,70.0,11.499425742367208,10.0,11499.425742367208,70.37006781775762,,
2015-02-23,stop_loss,,,,,,-1684.3081615828232,
2015-02-23,stop_loss,,,,,,88.51375286251096,
2015-02-25,buy,75.0,10.958670295528513,12.0,13150.404354634216,73.17202076570769,,
2015-02-26,buy,70.0,12.79590815196022,10.0,12795.908151960219,72.38440017807312,,
2015-03-06,buy,75.0,12.568550073787733,11.0,13825.405081166507,75.78892116771037,,
2015-03-27,buy,85.0,12.940232273989537,10.0,12940.232273989537,83.7933396329563,,
2015-04-07,take_profit,,,,,,13596.497230524777,1.1823631488337154
2015-04-09,buy,90.0,13.207441196774205,17.0,22452.650034516148,87.90204818496767,,
2015-04-13,buy,85.0,14.90431828693125,2.0,2980.86365738625,86.92456241770333,,
2015-06-09,take_profit,,,,,,15557.31214488447,1.183029184908832
2015-06-09,take_profit,,,,,,14925.041736991665,1.166391752718644
2015-06-10,buy,90.0,15.747199601319366,16.0,25195.519362110987,91.98542172818003,,
2015-06-15,take_profit,,,,,,17229.322897695904,1.2462074562405656
2015-06-16,buy,95.0,16.430890998686102,17.0,27932.514697766375,96.79915815776559,,
2015-06-17,buy,95.0,15.428886857617336,18.0,27771.996343711202,95.21914035380458,,
2015-06-18,buy,95.0,14.748337966661587,4.0,5899.335186664635,94.11978082309548,,
2015-08-18,take_profit,,,,,,14451.88411478371,1.1168179835405785
2015-08-20,buy,110.0,16.492094583138602,17.0,28036.560791335625,108.01856291204783,,
2015-08-24,take_profit,,,,,,25144.82371567175,1.1199044957729694
2015-08-24,take_profit,,,,,,3399.2603150160407,1.140360883864329
2015-08-25,buy,110.0,16.565301952684287,25.0,41413.254881710716,108.1398399147067,,
2015-08-26,buy,105.0,17.302917164026063,7.0,12112.042014818244,105.64060701091424,,
2016-07-05,stop_loss,,,,,,-20619.94465890099,
2016-07-11,stop_loss,,,,,,-25241.82947178759,
2016-07-12,stop_loss,,,,,,-25024.54673082888,
2016-07-13,stop_loss,,,,,,-5383.566605604119,
2016-07-13,buy,85.0,14.386495508297372,2.0,2877.299101659474,86.11778269534814,,
2016-07-14,buy,85.0,13.815815054112406,2.0,2763.1630108224813,85.21369538307957,,
2016-07-18,buy,85.0,13.25503867176451,2.0,2651.007734352902,84.30888578635252,,
2016-07-19,buy,85.0,12.5493422902846,2.0,2509.8684580569197,83.14512087524491,,
2016-09-14,stop_loss,,,,,,-28022.30184023445,
2016-09-19,stop_loss,,,,,,-41405.00372807492,
2016-09-20,stop_loss,,,,,,-12089.725562304953,
2017-05-02,take_profit,,,,,,2764.1969543837376,1.1013314046440956
2017-05-04,buy,105.0,18.170387859586747,2.0,3634.0775719173494,107.00398524724658,,
2017-05-05,buy,105.0,16.35694148333223,1.0,1635.6941483332228,104.11868978894512,,
2017-05-17,take_profit,,,,,,3308.505734509782,1.1498650705453635
2017-05-17,take_profit,,,,,,3425.903558002767,1.2398485158438102
2017-05-17,take_profit,,,,,,3551.1658663261414,1.3395531896450554
2017-05-18,buy,115.0,17.358953230373118,2.0,3471.7906460746235,113.12257863355596,,
2017-06-02,take_profit,,,,,,1989.8841626852966,1.2165380457666823
2017-06-05,take_profit,,,,,,4142.29724760331,1.139848328944124
2017-06-07,take_profit,,,,,,3917.2427722295142,1.1283061600095445
2017-06-13,buy,140.0,24.00201600626923,2.0,4800.403201253846,142.32113141586967,,
2017-06-22,buy,145.0,22.263337818437876,3.0,6679.001345531363,143.25191053797576,,
2017-07-13,buy,165.0,25.346038535135563,3.0,7603.811560540669,163.03030486034788,,
2017-07-17,buy,160.0,26.5885717252291,3.0,7976.57151756873,161.3285823622182,,
2017-07-19,buy,160.0,26.01462112496192,2.0,5202.924224992384,160.41564725584325,,
2017-08-18,buy,155.0,23.46637820636255,1.0,2346.637820636255,152.5844247993565,,
2017-09-15,take_profit,,,,,,5779.228589913308,1.203904827911913
2017-09-15,take_profit,,,,,,8144.7625244298315,1.2194581349918647
2017-09-19,buy,180.0,27.970108802313717,4.0,11188.043520925487,178.37446068540768,,
2017-09-21,buy,175.0,29.1507682327925,3.0,8745.23046983775,176.56312170794664,,
2017-09-25,buy,175.0,29.682273934773974,1.0,2968.2273934773975,177.40022171739832,,
2017-10-02,buy,155.0,24.983334472019322,1.0,2498.3334472019324,155.05300261017163,,
2017-11-21,take_profit,,,,,,2586.1772093627533,1.1020776988336234
2017-11-23,buy,190.0,31.14997784001082,1.0,3114.997784001082,190.90458777773378,,
2017-12-04,take_profit,,,,,,3019.3274652640057,1.208536622141281
2017-12-05,take_profit,,,,,,5796.788092557005,1.1141404029510906
2017-12-06,take_profit,,,,,,8991.542543464333,1.1272440200228993
2017-12-08,take_profit,,,,,,8369.852927198943,1.1007443912252612
2017-12-12,buy,205.0,33.957591278604156,5.0,16978.79563930208,206.52955696776553,,
2017-12-14,buy,200.0,31.482368966552457,5.0,15741.184483276229,198.85175103364054,,
2017-12-21,buy,205.0,31.77322821811606,5.0,15886.61410905803,203.01546416376823,,
2018-01-09,take_profit,,,,,,9656.431842976524,1.104194094859078
2018-01-10,buy,220.0,36.618001250084916,5.0,18309.00062504246,221.91971045976527,,
2018-01-12,take_profit,,,,,,3300.686096056279,1.1120058063305565
2018-01-15,take_profit,,,,,,12689.301161112235,1.1341841080059154
2018-01-16,buy,225.0,36.24534945593541,6.0,21747.209673561247,225.04358879883566,,
2018-01-17,buy,220.0,36.745781107575695,3.0,11023.734332272708,222.12167923202261,,
2018-04-12,take_profit,,,,,,4502.35171000359,1.445378784257275
2018-04-12,take_profit,,,,,,18843.025722784245,1.1970525942824366
2018-04-17,take_profit,,,,,,19695.475586098728,1.2397528794300485
2018-04-18,take_profit,,,,,,21021.039725605617,1.2380760197706047
2018-04-23,buy,275.0,42.935962692985086,9.0,38642.36642368657,272.8487367287822,,
2018-04-24,take_profit,,,,,,20267.736848640652,1.1069821484914417
2018-04-24,take_profit,,,,,,12220.26745389775,1.1085415418731666
2018-04-25,buy,275.0,44.766217843882856,9.0,40289.596059494565,275.80002507291596,,
2018-04-27,buy,275.0,43.372321040184175,9.0,39035.088936165754,273.557435262813,,
2018-05-04,take_profit,,,,,,25768.99508764657,1.1849333994776687
2018-05-11,buy,295.0,48.405056258527395,10.0,48405.056258527395,296.46916117831756,,
2018-05-24,buy,305.0,48.717533936227056,11.0,53589.287329849765,304.39164397560495,,
2018-05-25,buy,295.0,47.99899007939513,1.0,4799.899007939513,295.82153702404264,,
2018-10-02,take_profit,,,,,,42902.63367020209,1.1102486115835832
2018-10-05,buy,340.0,56.14742861570474,13.0,72991.65720041616,342.2632274316929,,
2018-10-08,buy,335.0,54.23091806755269,1.0,5423.091806755269,335.49076111339406,,
2019-01-11,take_profit,,,,,,46724.513264446636,1.1597165976906247
2019-01-11,take_profit,,,,,,48083.99312424492,1.2318146169175348
2019-01-16,buy,360.0,56.99503197089987,14.0,79793.04475925982,358.46242618248436,,
2019-01-17,buy,350.0,56.97187718483028,13.0,74063.44034027937,351.0129271534647,,
2019-01-21,buy,345.0,55.487101787350696,4.0,22194.840714940277,344.9237742360194,,
2019-06-06,stop_loss,,,,,,37646.15990782726,
2019-06-11,take_profit,,,,,,5686.287750835686,1.1846682068581023
2019-06-13,take_profit,,,,,,65566.27323801233,1.2234958982462762
2019-06-17,buy,400.0,65.5774805243041,17.0,111481.71689131696,401.90213368432234,,
2019-06-18,buy,395.0,62.78250584156095,16.0,100452.00934649752,393.7109915736285,,
2019-07-25,take_profit,,,,,,84664.45580424079,1.1599196271400463
2019-07-25,take_profit,,,,,,7178.2890784412875,1.3236525093489397
2019-07-25,take_profit,,,,,,82477.09944790273,1.1136007059484057
2019-07-25,take_profit,,,,,,27714.317000811527,1.2486828518735824
2019-07-29,take_profit,,,,,,110977.47978365645,1.3908164567285515
2019-07-31,buy,470.0,75.47755192448025,24.0,181146.1246187526,469.7136750492024,,
2019-08-05,take_profit,,,,,,111597.88316370455,1.1109572012518
2019-08-08,buy,490.0,77.51181397631751,25.0,193779.5349407938,487.8024184033964,,
2019-08-12,buy,480.0,75.98920711687586,25.0,189973.01779218964,477.94315786747813,,
2019-08-13,buy,475.0,74.97536737031956,25.0,187438.4184257989,472.604759454902,,
2019-08-19,buy,490.0,77.39261069791772,4.0,30957.044279167087,487.6094524387279,,
2019-09-03,cap_sell,,,,,,111481.71689131696,
2019-09-05,cap_sell,,,,,,181146.1246187526,
2019-09-12,buy,505.0,80.31784033782156,24.0,192762.81681077176,503.4353345557424,,
2019-09-13,cap_sell,,,,,,193779.5349407938,
2019-09-13,buy,485.0,78.76172091413011,12.0,94514.06509695612,486.1078836973644,,
2019-09-16,cap_sell,,,,,,189973.01779218964,
2019-09-16,buy,470.0,76.65966775348886,13.0,99657.56807953551,471.6070516251093,,
2019-09-17,cap_sell,,,,,,187438.4184257989,
2019-09-18,buy,480.0,76.55826277062906,13.0,99525.74160181778,478.8621498652733,,
2019-09-20,buy,500.0,79.84477884855616,25.0,199611.9471213904,498.97042002491986,,
2019-09-30,take_profit,,,,,,110230.2488491079,1.106090094042175
2019-10-02,take_profit,,,,,,119741.92266762108,1.2031251487347276
2019-10-03,buy,600.0,95.90063835915242,20.0,191801.27671830484,598.9045081361091,,
2019-10-04,buy,590.0,94.58913351073738,21.0,198637.1803725485,589.3844615957153,,
2019-10-15,take_profit,,,,,,37900.91620873969,1.2243066833820944
2019-10-15,take_profit,,,,,,119420.3931408324,1.2635198054207744
2019-10-15,take_profit,,,,,,221193.03119073863,1.108115192404912
2019-10-16,buy,610.0,97.65726231756963,20.0,195314.52463513927,609.1410979613337,,
2019-10-18,buy,600.0,95.7274519306792,20.0,191454.90386135838,598.6254439063952,,
2019-10-21,buy,575.0,93.67616274773769,21.0,196719.94177024913,576.7910897500224,,
2019-10-22,cap_sell,,,,,,192762.81681077176,
2019-10-23,cap_sell,,,,,,191801.27671830484,
2019-10-28,buy,590.0,94.29943655253504,21.0,198028.8167603236,588.9181631990999,,
2019-11-04,buy,620.0,100.08493086809494,19.0,190161.3686493804,620.4551784545548,,
2019-11-05,cap_sell,,,,,,198637.1803725485,
2019-11-12,buy,655.0,105.33586895376675,18.0,189604.56411678015,654.8404907867866,,
2019-11-13,cap_sell,,,,,,195314.52463513927,
2019-11-14,buy,635.0,101.78064158049983,19.0,193383.21900294969,634.3006493341493,,
2019-11-15,cap_sell,,,,,,191454.90386135838,
2019-11-20,cap_sell,,,,,,196719.94177024913,
2019-11-20,buy,610.0,99.31382229374867,10.0,99313.82229374867,611.7973042208628,,
2019-11-21,cap_sell,,,,,,198028.8167603236,
2019-11-22,cap_sell,,,,,,190161.3686493804,
2019-11-22,buy,610.0,99.52643520075418,10.0,99526.43520075417,612.1367772130005,,
2019-11-25,cap_sell,,,,,,189604.56411678015,
2019-11-25,buy,600.0,95.43300059608839,10.0,95433.00059608839,598.1504569123911,,
2019-11-26,buy,565.0,90.8027020504785,11.0,99882.97225552636,564.7667635328204,,
2019-11-27,cap_sell,,,,,,193383.21900294969,
2019-12-03,buy,595.0,94.85578237841366,10.0,94855.78237841367,593.5176845399783,,
2019-12-05,buy,590.0,93.58604025810104,10.0,93586.04025810104,587.7671179799298,,
2019-12-06,cap_sell,,,,,,99313.82229374867,
2019-12-13,buy,605.0,96.02100542700896,10.0,96021.00542700896,602.8002963731641,,
2019-12-16,cap_sell,,,,,,99526.43520075417,
2019-12-16,buy,595.0,94.60591637533565,10.0,94605.91637533566,593.1145179818853,,
2019-12-17,cap_sell,,,,,,95433.00059608839,
2019-12-20,buy,595.0,97.18176186664675,10.0,97181.76186664675,597.2480916247225,,
2019-12-26,buy,605.0,96.6782456861219,20.0,193356.4913722438,603.8606431717529,,
2019-12-27,cap_sell,,,,,,99882.97225552636,
2019-12-27,buy,575.0,92.76376821135818,10.0,92763.76821135818,575.3308331154819,,
2019-12-30,cap_sell,,,,,,94855.78237841367,
2019-12-31,cap_sell,,,,,,93586.04025810104,
2020-01-01,cap_sell,,,,,,96021.00542700896,
2020-01-06,buy,580.0,94.08409976680412,10.0,94084.09976680411,581.1566486944942,,
2020-01-07,cap_sell,,,,,,94605.91637533566,
2020-01-07,buy,575.0,92.72083376247252,10.0,92720.83376247252,575.2619599196529,,
2020-01-08,cap_sell,,,,,,97181.76186664675,
2020-01-09,buy,570.0,92.05690027442427,10.0,92056.90027442426,570.4879522731732,,
2020-01-10,cap_sell,,,,,,193356.4913722438,
2020-01-13,buy,560.0,89.47047036829105,11.0,98417.51740512016,558.9182745364786,,
2020-01-16,buy,545.0,88.66652011687381,11.0,97533.1721285612,546.5024464838053,,
2020-01-17,cap_sell,,,,,,92763.76821135818,
2020-01-20,buy,550.0,89.64514094558248,11.0,98609.65504014073,551.780050327877,,
2020-01-21,cap_sell,,,,,,94084.09976680411,
2020-01-21,buy,545.0,86.54630686806235,11.0,95200.93755486858,543.0960722321284,,
2020-01-22,cap_sell,,,,,,92720.83376247252,
2020-01-24,buy,550.0,87.00066945394141,11.0,95700.73639933555,547.5294639476169,,
2020-01-27,cap_sell,,,,,,92056.90027442426,
2020-02-03,buy,550.0,89.10052832397471,11.0,98010.5811563722,550.9093166826971,,
2020-02-04,cap_sell,,,,,,98417.51740512016,
2020-02-05,buy,540.0,87.28239581681231,11.0,96010.63539849354,540.5754289845489,,
2020-02-06,cap_sell,,,,,,97533.1721285612,
2020-02-06,buy,510.0,82.0324790855702,12.0,98438.97490268425,509.9002765554142,,
2020-02-07,cap_sell,,,,,,98609.65504014073,
2020-02-11,buy,500.0,80.61147955516287,12.0,96733.77546619545,500.20319217975504,,
2020-02-12,cap_sell,,,,,,95200.93755486858,
2020-02-12,buy,490.0,79.09654960373078,12.0,94915.85952447694,490.3551977615909,,
2020-02-13,cap_sell,,,,,,95700.73639933555,
2020-02-18,buy,510.0,82.82713679717392,12.0,99392.5641566087,511.17384022442405,,
2020-02-19,cap_sell,,,,,,98010.5811563722,
2020-02-21,buy,520.0,82.19096273861899,12.0,98629.1552863428,517.5602848282165,,
2020-02-24,cap_sell,,,,,,96010.63539849354,
2020-02-24,buy,510.0,81.80112190233035,12.0,98161.34628279642,509.5284517843893,,
2020-02-25,cap_sell,,,,,,98438.97490268425,
2020-02-26,buy,495.0,79.96377680262233,12.0,95956.5321631468,495.4552116400803,,
2020-02-27,cap_sell,,,,,,96733.77546619545,
2020-03-05,buy,495.0,80.60689167179632,12.0,96728.27000615558,496.48429278219214,,
2020-03-06,cap_sell,,,,,,94915.85952447694,
2020-03-13,buy,535.0,84.77138159617235,23.0,194974.17767119638,532.8289045099253,,
2020-03-19,buy,525.0,85.99886556652245,23.0,197797.39080300165,527.3825423178307,,
2020-03-23,buy,530.0,85.66118113124315,23.0,197020.71660185925,530.5569615834474,,
2020-03-24,cap_sell,,,,,,99392.5641566087,
2020-04-02,buy,580.0,94.1836811794521,21.0,197785.7304768494,581.3159465915055,,
2020-04-03,cap_sell,,,,,,98629.1552863428,
2020-04-03,buy,575.0,91.9935326389263,21.0,193186.41854174522,574.0930786973267,,
2020-04-06,cap_sell,,,,,,98161.34628279642,
2020-04-07,cap_sell,,,,,,95956.5321631468,
2020-04-08,cap_sell,,,,,,96728.27000615558,
2020-04-09,buy,570.0,90.22047208055437,22.0,198485.03857721962,567.5304654410986,,
2020-04-10,cap_sell,,,,,,194974.17767119638,
2020-04-14,buy,585.0,94.05380173145028,21.0,197512.98363604557,584.817701879113,,
2020-04-15,cap_sell,,,,,,197797.39080300165,
2020-04-21,buy,595.0,95.82955893969046,20.0,191659.1178793809,595.0843631653867,,
2020-04-22,cap_sell,,,,,,197020.71660185925,
2020-05-11,buy,680.0,109.30800724044963,18.0,196754.41303280933,679.7567888582805,,
2020-05-12,cap_sell,,,,,,197785.7304768494,
2020-05-13,take_profit,,,,,,229911.2427205393,1.1583303425214766
2020-05-15,buy,685.0,109.65601674291844,18.0,197380.8301372532,684.0221584885306,,
2020-05-18,buy,675.0,109.28436993409923,18.0,196711.86588137862,676.0098537079117,,
2020-05-19,cap_sell,,,,,,193186.41854174522,
2020-05-21,buy,680.0,109.91090470028479,18.0,197839.62846051264,680.7241969503809,,
2020-05-22,cap_sell,,,,,,197512.98363604557,
2020-05-29,cap_sell,,,,,,191659.1178793809,
2020-06-01,cap_sell,,,,,,196754.41303280933,
2020-06-01,buy,670.0,107.12443700810087,9.0,96411.99330729077,668.8337004202973,,
2020-06-12,buy,730.0,116.98362869010026,17.0,198872.16877317044,729.15735126949,,
2020-06-16,buy,715.0,116.57768473330998,17.0,198182.06404662697,717.3763321055902,,
2020-06-17,cap_sell,,,,,,197380.8301372532,
2020-06-29,buy,730.0,116.86890520106829,17.0,198677.13884181608,728.9727422907401,,
2020-06-30,cap_sell,,,,,,196711.86588137862,
2020-07-02,buy,745.0,120.44746399838579,16.0,192715.94239741727,745.8420903584819,,
2020-07-03,cap_sell,,,,,,197839.62846051264,
2020-07-03,buy,735.0,118.97843536885983,16.0,190365.49659017572,736.0674272880651,,
2020-07-06,cap_sell,,,,,,96411.99330729077,
2020-07-21,buy,815.0,132.60704647187197,15.0,198910.56970780797,817.2691381495297,,
2020-07-22,cap_sell,,,,,,198872.16877317044,
2020-07-24,buy,800.0,128.20841169712503,15.0,192312.61754568754,799.0880920423102,,
2020-07-27,cap_sell,,,,,,198182.06404662697,
2020-07-28,buy,805.0,129.51042344961098,15.0,194265.63517441647,804.8872173256503,,
2020-07-29,cap_sell,,,,,,198677.13884181608,
2020-08-11,buy,830.0,134.515555573663,14.0,188321.77780312818,831.4599012677119,,
2020-08-12,cap_sell,,,,,,192715.94239741727,
2020-08-13,buy,840.0,136.16298563317218,14.0,190628.17988644107,841.5203245091716,,
2020-08-14,cap_sell,,,,,,190365.49659017572,
2020-08-26,buy,870.0,138.52543478947388,14.0,193935.60870526344,867.5563420572465,,
2020-08-27,cap_sell,,,,,,198910.56970780797,
2020-08-27,buy,850.0,136.6516556976208,14.0,191312.31797666915,849.7227295171513,,
2020-08-28,cap_sell,,,,,,192312.61754568754,
2020-08-28,buy,830.0,134.864945102857,7.0,94405.4615719999,832.0188455784528,,
2020-08-31,cap_sell,,,,,,194265.63517441647,
2020-09-08,buy,880.0,142.4731065687153,14.0,199462.34919620142,881.3144180781462,,
2020-09-09,cap_sell,,,,,,188321.77780312818,
2020-09-16,buy,885.0,143.96262213329692,13.0,187151.408773286,887.4097240728656,,
2020-09-17,cap_sell,,,,,,190628.17988644107,
2020-09-18,buy,890.0,142.43599677936584,14.0,199410.39549111217,888.6703095266089,,
2020-09-21,cap_sell,,,,,,193935.60870526344,
2020-09-21,buy,855.0,138.80026563337344,7.0,97160.18594336142,856.8767564882119,,
2020-09-22,cap_sell,,,,,,191312.31797666915,
2020-10-05,buy,980.0,158.4387772567523,12.0,190126.53270810275,981.1042194831107,,
2020-10-07,buy,960.0,154.96594377627468,12.0,185959.1325315296,960.6979424624873,,
2020-10-08,cap_sell,,,,,,94405.4615719999,
2020-10-09,cap_sell,,,,,,199462.34919620142,
2020-10-16,buy,1040.0,167.59438439314414,11.0,184353.82283245857,1040.298292997085,,
2020-10-19,cap_sell,,,,,,187151.408773286,
2020-10-20,buy,1030.0,165.69916423250817,12.0,198838.9970790098,1029.839915679482,,
2020-10-21,cap_sell,,,,,,199410.39549111217,
2020-10-21,buy,1005.0,160.69837758842067,12.0,192838.0531061048,1003.2694282223808,,
2020-10-22,cap_sell,,,,,,97160.18594336142,
2020-10-22,buy,990.0,160.25727247430365,12.0,192308.7269691644,991.4387272228323,,
2020-10-23,cap_sell,,,,,,190126.53270810275,
2020-10-27,cap_sell,,,,,,185959.1325315296,
2020-10-27,buy,970.0,156.08769825815114,6.0,93652.61895489068,969.9149432773316,,
2020-10-28,cap_sell,,,,,,184353.82283245857,
2020-10-28,buy,945.0,151.0271818370162,6.0,90616.30910220972,943.2483073430332,,
2020-10-29,cap_sell,,,,,,198838.9970790098,
2020-10-30,cap_sell,,,,,,192838.0531061048,
2020-10-30,buy,915.0,146.91023627465916,6.0,88146.1417647955,914.3941919879449,,
2020-11-04,buy,905.0,145.3048853971066,6.0,87182.93123826396,904.4011752762332,,
2020-11-05,cap_sell,,,,,,192308.7269691644,
2020-11-06,buy,885.0,143.1373798825532,6.0,85882.42792953193,886.0892522779261,,
2020-11-11,buy,885.0,141.52043715599643,7.0,99064.3060091975,883.4920475521636,,
2020-11-12,cap_sell,,,,,,93652.61895489068,
2020-11-18,buy,885.0,143.78940187402344,6.0,86273.64112441406,887.1328352903728,,
2020-11-19,cap_sell,,,,,,90616.30910220972,
2020-11-20,buy,870.0,138.94320447550666,7.0,97260.24313285465,868.2299441123859,,
2020-11-23,cap_sell,,,,,,88146.1417647955,
2020-11-27,buy,910.0,146.65412520898604,13.0,190650.36277168186,910.2755115943652,,
2020-11-30,cap_sell,,,,,,87182.93123826396,
2020-11-30,buy,885.0,141.42241426965518,7.0,98995.68998875862,883.3341714526649,,
2020-12-01,cap_sell,,,,,,85882.42792953193,
2020-12-01,buy,850.0,138.19990380311992,7.0,96739.93266218394,852.2036970059152,,
2020-12-02,cap_sell,,,,,,99064.3060091975,
2020-12-02,buy,825.0,133.3037149849455,7.0,93312.60048946184,825.8079823995079,,
2020-12-03,cap_sell,,,,,,86273.64112441406,
2020-12-04,cap_sell,,,,,,97260.24313285465,
2020-12-07,buy,815.0,130.35454584274646,7.0,91248.18208992253,813.6561113948794,,
2020-12-08,cap_sell,,,,,,190650.36277168186,
2020-12-16,buy,850.0,135.79705502256485,7.0,95057.9385157954,848.347885492265,,
2020-12-17,buy,815.0,129.77250895330076,7.0,90840.75626731053,812.7179725689969,,
2020-12-18,cap_sell,,,,,,98995.68998875862,
2020-12-18,buy,800.0,129.64762160592858,7.0,90753.33512415,801.3976479939937,,
2020-12-21,cap_sell,,,,,,96739.93266218394,
2020-12-22,buy,785.0,125.12257936068215,7.0,87585.80555247751,783.0067901163573,,
2020-12-23,cap_sell,,,,,,93312.60048946184,
2020-12-28,buy,770.0,123.89789190395317,8.0,99118.31352316253,769.9215998736537,,
2020-12-29,cap_sell,,,,,,91248.18208992253,
2020-12-31,buy,765.0,122.26290804498069,8.0,97810.32643598455,763.5864868649317,,
2021-01-01,cap_sell,,,,,,95057.9385157954,
2021-01-12,buy,815.0,129.70643917216313,15.0,194559.6587582447,812.6113603193393,,
2021-01-14,cap_sell,,,,,,90840.75626731053,
2021-01-14,buy,800.0,129.18128145062997,7.0,90426.89701544098,800.650558589076,,
2021-01-21,cap_sell,,,,,,90753.33512415,
2021-01-21,buy,770.0,123.07661142655945,8.0,98461.28914124756,768.6007637053098,,
2021-01-22,cap_sell,,,,,,87585.80555247751,
2021-01-22,buy,760.0,122.65059548134064,8.0,98120.47638507251,760.5031827642835,,
2021-01-25,cap_sell,,,,,,99118.31352316253,
2021-01-26,cap_sell,,,,,,97810.32643598455,
2021-01-27,buy,750.0,120.58478111756239,8.0,96467.8248940499,749.7710781275212,,
2021-01-28,cap_sell,,,,,,194559.6587582447,
2021-01-29,buy,755.0,122.49590993857862,8.0,97996.7279508629,756.5446231374897,,
2021-02-03,buy,770.0,123.42369267439045,8.0,98738.95413951237,769.1594438349176,,
2021-02-05,cap_sell,,,,,,90426.89701544098,
2021-02-05,buy,780.0,124.91126276914389,8.0,99929.01021531511,778.9629572222398,,
2021-02-10,buy,800.0,128.74652531698973,15.0,193119.7879754846,799.9529783379973,,
2021-02-22,buy,825.0,133.52584970689702,14.0,186936.18958965584,826.163900443795,,
2021-02-24,buy,820.0,132.613653808866,15.0,198920.48071329898,820.9919291284955,,
2021-02-25,cap_sell,,,,,,98461.28914124756,
2021-02-26,cap_sell,,,,,,98120.47638507251,
2021-03-01,buy,840.0,135.24370451297517,14.0,189341.18631816522,840.0467263321117,,
2021-03-02,cap_sell,,,,,,96467.8248940499,
2021-03-03,cap_sell,,,,,,97996.7279508629,
2021-03-03,buy,815.0,131.5150061895797,15.0,197272.50928436956,815.5209627134258,,
2021-03-04,cap_sell,,,,,,98738.95413951237,
2021-03-05,cap_sell,,,,,,99929.01021531511,
2021-03-11,buy,860.0,137.42114925393298,14.0,192389.60895550618,858.3711099635688,,
2021-03-12,cap_sell,,,,,,193119.7879754846,
2021-03-15,cap_sell,,,,,,186936.18958965584,
2021-03-15,buy,825.0,134.05823492897866,7.0,93840.76445028506,827.0158439705425,,
2021-03-16,cap_sell,,,,,,198920.48071329898,
2021-03-16,buy,815.0,130.61299795728394,7.0,91429.09857009875,814.0720853825553,,
2021-03-17,cap_sell,,,,,,189341.18631816522,
2021-03-19,buy,840.0,133.75074880667586,14.0,187251.0483293462,837.6439188068128,,
2021-03-22,cap_sell,,,,,,197272.50928436956,
2021-03-22,buy,830.0,132.41674354395946,7.0,92691.72048077162,828.0884852024277,,
2021-03-23,cap_sell,,,,,,192389.60895550618,
2021-03-25,buy,820.0,132.00565916258125,7.0,92403.96141380689,820.0167840233264,,
2021-03-26,cap_sell,,,,,,93840.76445028506,
2021-04-22,buy,860.0,137.02810308405867,14.0,191839.34431768215,857.7375482224021,,
2021-04-23,buy,840.0,134.51100272415806,14.0,188315.4038138213,838.8689925128912,,
2021-04-26,cap_sell,,,,,,91429.09857009875,
2021-04-26,buy,820.0,131.56303676475562,7.0,92094.12573532893,819.3056068866437,,
2021-04-27,cap_sell,,,,,,187251.0483293462,
2021-05-04,buy,880.0,142.08743088935444,14.0,198922.4032450962,880.6964083766767,,
2021-05-05,buy,870.0,140.99441507223787,14.0,197392.18110113303,871.5241466293119,,
2021-05-06,cap_sell,,,,,,92691.72048077162,
2021-05-06,buy,860.0,137.31284362399333,14.0,192237.98107359066,858.1966107014275,,
2021-05-07,cap_sell,,,,,,92403.96141380689,
2021-05-07,buy,850.0,135.5324680297843,7.0,94872.72762084901,847.9214412602443,,
2021-05-10,cap_sell,,,,,,191839.34431768215,
2021-05-11,cap_sell,,,,,,188315.4038138213,
2021-05-12,cap_sell,,,,,,92094.12573532893,
2021-05-12,buy,805.0,129.85687733791264,7.0,90899.81413653884,805.4432795235866,,
2021-05-13,cap_sell,,,,,,198922.4032450962,
2021-05-14,cap_sell,,,,,,197392.18110113303,
2021-05-14,buy,800.0,129.3611101343348,7.0,90552.77709403436,800.938791796224,,
2021-05-19,buy,825.0,132.75385113864263,7.0,92927.69579704985,824.9258113062319,,
2021-05-20,cap_sell,,,,,,192237.98107359066,
2021-05-20,buy,785.0,125.90900827012797,7.0,88136.30578908957,784.2732822549445,,
2021-05-26,buy,810.0,130.75008150170743,7.0,91525.0570511952,810.5849865778249,,
2021-05-27,cap_sell,,,,,,94872.72762084901,
2021-06-02,buy,830.0,133.70047262235357,7.0,93590.3308356475,830.1534201958943,,
2021-06-23,buy,865.0,138.79174467495483,14.0,194308.44254493678,864.2816258299948,,
2021-06-25,buy,870.0,140.87192715961953,14.0,197220.69802346735,871.3280393696024,,
2021-06-28,buy,860.0,138.6362096447316,14.0,194090.69350262423,860.3245644721057,,
2021-06-29,cap_sell,,,,,,90899.81413653884,
2021-06-29,buy,850.0,137.10818447553652,7.0,95975.72913287557,850.4555907471689,,
2021-06-30,cap_sell,,,,,,90552.77709403436,
2021-07-01,cap_sell,,,,,,92927.69579704985,
2021-07-01,buy,840.0,134.15289386765807,7.0,93907.02570736063,838.2923249343492,,
2021-07-02,cap_sell,,,,,,88136.30578908957,
2021-07-22,buy,930.0,148.5620900616483,13.0,193130.71708014276,928.166833979666,,
2021-07-23,cap_sell,,,,,,91525.0570511952,
2021-07-26,cap_sell,,,,,,93590.3308356475,
2021-08-02,buy,965.0,155.0303636624268,12.0,186036.43639491216,964.5093463987822,,
2021-08-03,cap_sell,,,,,,194308.44254493678,
2021-08-04,buy,955.0,153.4090799447792,13.0,199431.80392821296,954.4907247740389,,
2021-08-05,cap_sell,,,,,,197220.69802346735,
2021-08-05,buy,930.0,148.92293953978202,6.0,89353.76372386921,928.7478834140765,,
2021-08-06,cap_sell,,,,,,194090.69350262423,
2021-08-06,buy,920.0,146.55084234011701,6.0,87930.50540407021,917.519437289046,,
2021-08-09,cap_sell,,,,,,95975.72913287557,
2021-08-16,buy,975.0,157.60627972865228,12.0,189127.53567438273,976.0599069463689,,
2021-08-17,cap_sell,,,,,,93907.02570736063,
2021-08-27,buy,1070.0,172.8882844996715,11.0,190177.11294963866,1071.0437703277437,,
2021-08-30,cap_sell,,,,,,193130.71708014276,
2021-08-31,buy,1055.0,168.335957657537,11.0,185169.5534232907,1052.607554893286,,
2021-09-01,cap_sell,,,,,,186036.43639491216,
2021-09-01,buy,1040.0,166.7031316948826,11.0,183373.44486437083,1038.866314131987,,
2021-09-02,cap_sell,,,,,,199431.80392821296,
2021-09-03,buy,1020.0,164.43085713228504,12.0,197317.02855874205,1020.3879398770995,,
2021-09-06,cap_sell,,,,,,89353.76372386921,
2021-09-07,cap_sell,,,,,,87930.50540407021,
2021-09-07,buy,975.0,158.20051378077403,6.0,94920.30826846442,977.0114010816716,,
2021-09-08,cap_sell,,,,,,189127.53567438273,
2021-09-09,cap_sell,,,,,,190177.11294963866,
2021-09-10,cap_sell,,,,,,185169.5534232907,
2021-09-10,buy,965.0,156.31937101845506,6.0,93791.62261107303,966.5769361333031,,
2021-09-13,cap_sell,,,,,,183373.44486437083,
2021-09-15,buy,970.0,154.73022948812525,6.0,92838.13769287514,967.730807147851,,
2021-09-16,buy,955.0,152.73946286064387,6.0,91643.67771638632,953.4135451931295,,
2021-09-17,cap_sell,,,,,,197317.02855874205,
2021-09-17,buy,940.0,150.80534758947164,6.0,90483.20855368298,939.1865957199647,,
2021-09-20,buy,920.0,149.33566803068982,6.0,89601.4008184139,921.9927782191231,,
2021-09-21,cap_sell,,,,,,94920.30826846442,
2021-09-24,buy,895.0,143.33372310516626,6.0,86000.23386309975,893.8198060647557,,
2021-09-27,cap_sell,,,,,,93791.62261107303,
2021-09-28,buy,885.0,141.73418121561946,7.0,99213.92685093363,883.836134235808,,
2021-09-29,cap_sell,,,,,,92838.13769287514,
2021-10-04,buy,890.0,144.80672162821367,6.0,86884.0329769282,892.4724781343958,,
2021-10-05,cap_sell,,,,,,91643.67771638632,
2021-10-05,buy,840.0,135.3171809861858,7.0,94722.02669033007,840.1646731063419,,
2021-10-06,cap_sell,,,,,,90483.20855368298,
2021-10-14,buy,890.0,144.1533101669948,6.0,86491.98610019688,891.4273388309285,,
2021-10-15,cap_sell,,,,,,89601.4008184139,
2021-10-26,buy,950.0,151.96956997807524,13.0,197560.44097149782,948.469818250624,,
2021-10-27,buy,935.0,150.9551485871836,13.0,196241.6931633387,935.7194956402136,,
2021-10-29,buy,920.0,147.55816765493017,13.0,191825.61795140922,919.1419012841355,,
2021-11-01,cap_sell,,,,,,86000.23386309975,
2021-11-02,cap_sell,,,,,,99213.92685093363,
2021-11-02,buy,910.0,145.03011500861982,6.0,87018.06900517188,907.6628832514567,,
2021-11-11,cap_sell,,,,,,86884.0329769282,
2021-11-11,buy,925.0,150.315761246767,6.0,90189.45674806021,927.2730482926818,,
2021-11-12,cap_sell,,,,,,94722.02669033007,
2021-11-12,buy,915.0,147.58816816019214,6.0,88552.90089611529,915.4827947791667,,
2021-11-15,cap_sell,,,,,,86491.98610019688,
2021-11-16,cap_sell,,,,,,197560.44097149782,
2021-11-16,buy,885.0,143.3149333735388,6.0,85988.96002412327,886.373642983574,,
2021-11-17,cap_sell,,,,,,196241.6931633387,
2021-11-17,buy,870.0,141.4578505504395,7.0,99020.49538530766,872.2654336342331,,
2021-11-18,cap_sell,,,,,,191825.61795140922,
2021-12-01,buy,905.0,145.03302779776556,6.0,87019.81667865934,903.9639993988043,,
2021-12-02,cap_sell,,,,,,87018.06900517188,
2021-12-02,buy,860.0,139.0590512578886,7.0,97341.33588052202,861.0025641008134,,
2021-12-03,cap_sell,,,,,,90189.45674806021,
2021-12-14,buy,940.0,150.32625180520688,13.0,195424.12734676895,938.41565888255,,
2021-12-24,buy,945.0,151.06838368180627,13.0,196388.89878634815,943.3146701677491,,
2021-12-27,cap_sell,,,,,,88552.90089611529,
2021-12-27,buy,900.0,145.54000737669395,6.0,87324.00442601637,901.0701744783951,,
2021-12-28,cap_sell,,,,,,85988.96002412327,
2021-12-28,buy,890.0,144.22642978441274,6.0,86535.85787064764,891.5443996656926,,
2021-12-29,cap_sell,,,,,,99020.49538530766,
2021-12-29,buy,870.0,140.21969052866552,7.0,98153.78337006587,870.2824980205364,,
2021-12-30,cap_sell,,,,,,87019.81667865934,
2021-12-31,cap_sell,,,,,,97341.33588052202,
2022-01-03,cap_sell,,,,,,195424.12734676895,
2022-01-10,buy,880.0,142.6449109964541,7.0,99851.43769751786,881.5894776314498,,
2022-01-11,cap_sell,,,,,,196388.89878634815,
2022-01-14,buy,895.0,143.01743326563513,6.0,85810.45995938109,893.310557203265,,
2022-01-17,buy,865.0,139.96956505937277,7.0,97978.69554156093,866.1718548598479,,
2022-01-18,cap_sell,,,,,,87324.00442601637,
2022-01-20,buy,875.0,139.30695751171788,7.0,97514.87025820251,872.5187400648041,,
2022-01-21,cap_sell,,,,,,86535.85787064764,
2022-01-21,buy,860.0,137.0414442865361,7.0,95929.01100057526,857.7590666723153,,
2022-01-24,cap_sell,,,,,,98153.78337006587,
2022-01-25,buy,855.0,139.16448909824004,7.0,97415.14236876804,857.4589906688248,,
2022-01-26,cap_sell,,,,,,99851.43769751786,
2022-01-27,buy,870.0,140.79192967194683,7.0,98554.35077036278,871.1999195008349,,
2022-01-31,cap_sell,,,,,,85810.45995938109,
2022-02-02,buy,880.0,141.2505927275763,7.0,98875.4149093034,879.3528605727457,,
2022-02-03,cap_sell,,,,,,97978.69554156093,
2022-02-07,buy,860.0,138.97280750488784,7.0,97280.96525342148,860.864352806601,,
2022-02-08,cap_sell,,,,,,97514.87025820251,
2022-02-11,buy,845.0,136.23835108487037,7.0,95366.84575940926,845.3513377728382,,
2022-02-14,cap_sell,,,,,,95929.01100057526,
2022-02-14,buy,805.0,128.44513874882347,7.0,89911.59712417643,803.1732251998905,,
2022-02-15,cap_sell,,,,,,97415.14236876804,
2022-02-24,buy,840.0,136.01035758992498,7.0,95207.25031294748,841.2759725452966,,
2022-03-09,buy,905.0,144.8914581761539,13.0,188358.89562900006,903.7361946049434,,
2022-03-14,buy,915.0,145.76764531940694,13.0,189497.93891522902,912.5543326838703,,
2022-03-15,buy,885.0,143.31293865066232,13.0,186306.82024586102,886.3704488755035,,
2022-03-16,cap_sell,,,,,,98554.35077036278,
2022-03-17,cap_sell,,,,,,98875.4149093034,
2022-03-24,buy,895.0,143.85714495408752,13.0,187014.28844031377,894.6614437743957,,
2022-03-25,cap_sell,,,,,,97280.96525342148,
2022-03-25,buy,880.0,141.81372349116424,7.0,99269.60644381498,880.257361395476,,
2022-03-28,cap_sell,,,,,,95366.84575940926,
2022-03-29,cap_sell,,,,,,89911.59712417643,
2022-03-29,buy,850.0,137.20199133700476,7.0,96041.39393590332,850.6060423874,,
2022-03-30,cap_sell,,,,,,95207.25031294748,
2022-03-31,cap_sell,,,,,,188358.89562900006,
2022-04-01,cap_sell,,,,,,189497.93891522902,
2022-04-04,cap_sell,,,,,,186306.82024586102,
2022-04-05,buy,860.0,138.96084542801435,7.0,97272.59179961005,860.8451797567393,,
2022-04-06,buy,850.0,137.2077141159961,7.0,96045.39988119727,850.6152193438636,,
2022-04-07,cap_sell,,,,,,187014.28844031377,
2022-04-13,buy,855.0,136.52076413821027,7.0,95564.53489674718,853.2171686583058,,
2022-04-20,buy,900.0,143.95700208537033,13.0,187144.10271098142,898.5275394800751,,
2022-04-21,buy,885.0,142.0695991145135,14.0,198897.43876031888,884.3756224654597,,
2022-04-22,cap_sell,,,,,,99269.60644381498,
2022-04-22,buy,865.0,137.7745577013972,7.0,96442.19039097804,862.643383926072,,
2022-04-25,cap_sell,,,,,,96041.39393590332,
2022-04-26,cap_sell,,,,,,97272.59179961005,
2022-05-03,cap_sell,,,,,,96045.39988119727,
2022-05-03,buy,870.0,138.76328367855467,7.0,97134.29857498826,867.9399559975258,,
2022-05-05,buy,875.0,142.24425757764038,14.0,199141.96060869654,877.2359841731534,,
2022-05-17,buy,890.0,144.5873541134112,13.0,187963.56034743457,892.1218328126268,,
2022-05-18,cap_sell,,,,,,95564.53489674718,
2022-05-19,buy,895.0,144.02646212102394,13.0,187234.40075733114,894.9334033339645,,
2022-05-20,cap_sell,,,,,,187144.10271098142,
2022-05-23,cap_sell,,,,,,198897.43876031888,
2022-05-25,cap_sell,,,,,,96442.19039097804,
2022-05-25,buy,865.0,140.059612640335,7.0,98041.72884823449,866.3160741133387,,
2022-05-26,cap_sell,,,,,,97134.29857498826,
2022-05-30,cap_sell,,,,,,199141.96060869654,
2022-05-30,buy,885.0,143.96064067771584,6.0,86376.38440662951,887.4065576017393,,
2022-05-31,cap_sell,,,,,,187963.56034743457,
2022-06-01,buy,880.0,141.54429146538507,7.0,99081.00402576955,879.8248011030831,,
2022-06-06,buy,880.0,140.15204875890964,7.0,98106.43413123676,877.5837020765939,,
2022-06-07,cap_sell,,,,,,187234.40075733114,
2022-06-13,buy,905.0,147.02599659447742,13.0,191133.79557282064,907.1604353585325,,
2022-06-14,cap_sell,,,,,,98041.72884823449,
2022-06-14,buy,890.0,143.42267923303064,6.0,86053.60753981837,890.2561715668613,,
2022-06-22,buy,905.0,146.50848577585424,13.0,190461.03150861053,906.3322981241523,,
2022-07-07,buy,935.0,149.1744316319993,13.0,193926.76112159912,932.8566170386588,,
2022-07-12,buy,935.0,148.98232003744727,13.0,193677.01604868143,932.5468410932067,,
2022-07-13,cap_sell,,,,,,86376.38440662951,
2022-07-14,cap_sell,,,,,,99081.00402576955,
2022-07-15,buy,975.0,156.96959184555965,12.0,188363.51021467158,975.038650158425,,
2022-07-18,cap_sell,,,,,,98106.43413123676,
2022-07-18,buy,940.0,150.98467744892906,13.0,196280.08068360778,939.4748811597342,,
2022-07-19,cap_sell,,,,,,191133.79557282064,
2022-07-20,cap_sell,,,,,,86053.60753981837,
2022-07-20,buy,945.0,153.05112288163906,13.0,198966.45974613077,946.4986723179912,,
2022-07-21,cap_sell,,,,,,190461.03150861053,
2022-07-22,cap_sell,,,,,,193926.76112159912,
2022-07-22,buy,925.0,148.97743883001658,6.0,89386.46329800994,925.1290865343287,,
2022-07-26,cap_sell,,,,,,193677.01604868143,
2022-07-26,buy,920.0,148.13659943439217,6.0,88881.9596606353,920.0713115249833,,
2022-07-27,cap_sell,,,,,,188363.51021467158,
2022-07-28,cap_sell,,,,,,196280.08068360778,
2022-07-29,buy,915.0,148.8464587914167,6.0,89307.87527485001,917.497398721399,,
2022-08-08,buy,945.0,152.7874598318558,13.0,198623.69778141257,946.0763371605173,,
2022-08-11,buy,965.0,154.25099511900288,12.0,185101.19414280346,963.2554819994335,,
2022-08-12,cap_sell,,,,,,198966.45974613077,
2022-08-12,buy,940.0,150.19748279484804,6.0,90118.48967690882,938.2082619627103,,
2022-08-15,cap_sell,,,,,,89386.46329800994,
2022-08-19,buy,955.0,152.5482589212657,13.0,198312.73659764542,953.1055754733042,,
2022-08-23,cap_sell,,,,,,88881.9596606353,
2022-08-23,buy,930.0,149.69683048511018,6.0,89818.09829106611,929.9918935941455,,
2022-08-24,cap_sell,,,,,,89307.87527485001,
2022-08-29,cap_sell,,,,,,198623.69778141257,
2022-08-29,buy,900.0,144.25205524816784,6.0,86551.2331489007,899.0024043859935,,
2022-08-30,cap_sell,,,,,,185101.19414280346,
2022-09-05,buy,925.0,147.82017946700728,6.0,88692.10768020437,923.268209230105,,
2022-09-06,cap_sell,,,,,,90118.48967690882,
2022-09-08,buy,925.0,149.7243852057519,6.0,89834.63112345114,926.326735891611,,
2022-09-09,cap_sell,,,,,,198312.73659764542,
2022-09-16,buy,910.0,145.80602566259006,6.0,87483.61539755404,908.9127618555127,,
2022-09-20,buy,890.0,143.6731671052886,6.0,86203.90026317316,890.6579924328429,,
2022-09-21,cap_sell,,,,,,89818.09829106611,
2022-09-21,buy,870.0,141.1570765906016,7.0,98809.95361342112,871.7844553774117,,
2022-09-22,cap_sell,,,,,,86551.2331489007,
2022-09-23,buy,865.0,138.8566146536025,7.0,97199.63025752174,864.3859194798636,,
2022-09-26,cap_sell,,,,,,88692.10768020437,
2022-09-28,buy,855.0,137.7863416397288,7.0,96450.43914781015,855.252324121845,,
2022-09-29,cap_sell,,,,,,89834.63112345114,
2022-09-29,buy,845.0,135.42638297209942,7.0,94798.4680804696,844.0468488948347,,
2022-09-30,cap_sell,,,,,,87483.61539755404,
2022-10-03,buy,850.0,135.87580190950945,7.0,95113.06133665662,848.4747324160862,,
2022-10-04,cap_sell,,,,,,86203.90026317316,
2022-10-10,buy,850.0,136.39202839035642,7.0,95474.41987324948,849.3054621393488,,
2022-10-11,cap_sell,,,,,,98809.95361342112,
2022-10-17,buy,910.0,147.73746347442938,13.0,192058.7025167582,912.0111203278994,,
2022-10-18,buy,895.0,145.4989272744262,13.0,189148.60545675407,897.2924831334574,,
2022-10-25,buy,925.0,150.03544833017372,13.0,195046.08282922584,926.8247031647007,,
2022-10-26,cap_sell,,,,,,97199.63025752174,
2022-10-27,buy,930.0,148.89590315492512,13.0,193564.67410140266,928.7043706660608,,
2022-10-28,cap_sell,,,,,,96450.43914781015,
2022-10-31,cap_sell,,,,,,94798.4680804696,
2022-11-08,take_profit,,,,,,109889.91771257596,1.1553609585082751
2022-11-08,take_profit,,,,,,110387.74675794801,1.1562023304723639
2022-11-15,take_profit,,,,,,224234.4843499109,1.1854937222953974
2022-11-16,take_profit,,,,,,218157.11569746464,1.1358876887051197
2022-11-17,take_profit,,,,,,224968.39855021922,1.1534115183804645
2022-11-17,take_profit,,,,,,222373.82302578443,1.1488347450696996
2022-11-18,buy,1150.0,186.5556539709487,10.0,186555.6539709487,1152.3087060489147,,
2022-11-21,buy,1140.0,183.47344692690126,10.0,183473.44692690126,1139.9484867515303,,
2022-11-22,buy,1115.0,179.77418251520658,11.0,197751.60076672724,1115.4700984133358,,
2022-12-01,buy,1185.0,192.02699688010136,10.0,192026.99688010136,1187.0485875892177,,
2022-12-09,buy,1175.0,187.9626755026651,10.0,187962.67550266508,1173.1079101544951,,
2022-12-20,buy,1200.0,193.83568394226882,10.0,193835.6839422688,1201.0780609112817,,
2022-12-21,cap_sell,,,,,,186555.6539709487,
2022-12-26,buy,1230.0,197.9715593229172,10.0,197971.5593229172,1229.9658824306307,,
2022-12-27,cap_sell,,,,,,183473.44692690126,
2022-12-27,buy,1180.0,188.86947291486354,5.0,94434.73645743176,1178.2720459727911,,
2022-12-28,cap_sell,,,,,,197751.60076672724,
2022-12-29,cap_sell,,,,,,192026.99688010136,
2022-12-30,cap_sell,,,,,,187962.67550266508,
2022-12-30,buy,1175.0,188.60039026234335,5.0,94300.19513117167,1174.133906714672,,
2023-01-02,cap_sell,,,,,,193835.6839422688,
2023-01-09,buy,1210.0,193.91190179711623,10.0,193911.90179711624,1208.6153966395727,,
2023-01-16,cap_sell,,,,,,197971.5593229172,
2023-01-16,buy,1200.0,192.29888299754987,5.0,96149.44149877493,1198.6100419882816,,
2023-01-18,buy,1185.0,190.6363140730915,5.0,95318.15703654576,1184.818778324753,,
2023-01-19,cap_sell,,,,,,94434.73645743176,
2023-01-19,buy,1155.0,184.9809000127425,5.0,92490.45000637125,1153.4903614762877,,
2023-01-20,cap_sell,,,,,,94300.19513117167,
2023-01-20,buy,1120.0,179.76054478893354,5.0,89880.27239446677,1119.1555698936131,,
2023-01-23,cap_sell,,,,,,193911.90179711624,
2023-01-24,buy,1130.0,182.62988087658732,5.0,91314.94043829366,1131.177511829393,,
2023-01-26,buy,1155.0,186.0746793227886,5.0,93037.3396613943,1155.2481821822319,,
2023-01-27,cap_sell,,,,,,96149.44149877493,
2023-01-27,buy,1115.0,180.53456504186659,5.0,90267.2825209333,1116.6889088279245,,
2023-01-30,cap_sell,,,,,,95318.15703654576,
2023-01-30,buy,1090.0,176.92307774698116,5.0,88461.53887349057,1092.3494525566714,,
2023-01-31,cap_sell,,,,,,92490.45000637125,
2023-02-02,buy,1105.0,178.29293823551336,5.0,89146.46911775669,1105.6761538560986,,
2023-02-03,cap_sell,,,,,,89880.27239446677,
2023-02-10,buy,1145.0,183.56488176810956,5.0,91782.44088405478,1143.8019550188071,,
2023-02-13,cap_sell,,,,,,91314.94043829366,
2023-02-15,buy,1120.0,180.23260065936051,5.0,90116.30032968026,1119.9140416753607,,
2023-02-16,cap_sell,,,,,,93037.3396613943,
2023-02-16,buy,1100.0,176.46271225630773,5.0,88231.35612815386,1099.0294415376516,,
2023-02-17,cap_sell,,,,,,90267.2825209333,
2023-02-22,buy,1090.0,176.4433427123335,5.0,88221.67135616676,1091.581597960229,,
2023-02-23,cap_sell,,,,,,88461.53887349057,
2023-02-24,buy,1065.0,172.97481778258236,5.0,86487.40889129118,1067.4708723998633,,
2023-02-27,cap_sell,,,,,,89146.46911775669,
2023-03-01,buy,1070.0,172.66513160953792,5.0,86332.56580476895,1070.6859816248957,,
2023-03-02,cap_sell,,,,,,91782.44088405478,
2023-03-02,buy,1050.0,169.83191583639774,5.0,84915.95791819887,1051.304999470535,,
2023-03-03,cap_sell,,,,,,90116.30032968026,
2023-03-03,buy,1020.0,164.52757015715935,6.0,98716.54209429561,1020.5430977350618,,
2023-03-06,cap_sell,,,,,,88231.35612815386,
2023-03-06,buy,1010.0,161.16920945169653,6.0,96701.52567101792,1007.7312962574568,,
2023-03-07,cap_sell,,,,,,88221.67135616676,
2023-03-08,buy,980.0,156.49653118427148,6.0,93897.91871056288,977.983255354814,,
2023-03-09,cap_sell,,,,,,86487.40889129118,
2023-03-09,buy,960.0,154.7979221294588,6.0,92878.75327767529,960.4284441687323,,
2023-03-10,cap_sell,,,,,,86332.56580476895,
2023-03-10,buy,940.0,152.32776177978974,6.0,91396.65706787385,941.6291204364088,,
2023-03-13,cap_sell,,,,,,84915.95791819887,
2023-03-15,buy,935.0,150.216742348016,6.0,90130.0454088096,934.5342024041231,,
2023-03-16,cap_sell,,,,,,98716.54209429561,
2023-03-17,buy,930.0,148.74700295281485,6.0,89248.20177168891,928.4646648415086,,
2023-03-20,cap_sell,,,,,,96701.52567101792,
2023-03-23,buy,960.0,153.07703947702748,6.0,91846.22368621649,957.6606353371055,,
2023-03-24,cap_sell,,,,,,93897.91871056288,
2023-03-28,buy,970.0,155.26175357823564,6.0,93157.05214694138,968.5870393035364,,
2023-03-29,cap_sell,,,,,,92878.75327767529,
2023-03-31,buy,995.0,159.78329029311675,12.0,191739.9483517401,994.3869438200436,,
2023-04-03,cap_sell,,,,,,91396.65706787385,
2023-04-03,buy,975.0,157.95811190793472,6.0,94774.86714476084,976.6234580362487,,
2023-04-11,buy,1005.0,161.32653953517445,12.0,193591.84744220934,1004.2801356867067,,
2023-04-18,buy,1015.0,163.41953858757444,12.0,196103.4463050893,1015.0565610044613,,
2023-04-19,cap_sell,,,,,,90130.0454088096,
2023-04-27,buy,1045.0,169.26901463752392,11.0,186195.91610127632,1046.6924961194152,,
2023-04-28,cap_sell,,,,,,89248.20177168891,
2023-05-01,cap_sell,,,,,,91846.22368621649,
2023-05-09,cap_sell,,,,,,93157.05214694138,
2023-05-09,buy,1015.0,163.65024466856363,6.0,98190.14680113818,1015.426825620589,,
2023-05-12,buy,1055.0,169.98357278642385,11.0,186981.93006506623,1055.2575982238802,,
2023-05-15,cap_sell,,,,,,191739.9483517401,
2023-05-22,buy,1050.0,170.52458659166717,11.0,187577.04525083388,1052.4137369193254,,
2023-05-23,cap_sell,,,,,,94774.86714476084,
2023-05-23,buy,1040.0,166.38442627221616,6.0,99830.65576332969,1038.353414614147,,
2023-05-24,cap_sell,,,,,,193591.84744220934,
2023-05-24,buy,1020.0,164.08420900250775,6.0,98450.52540150465,1019.8314715913169,,
2023-05-25,cap_sell,,,,,,196103.4463050893,
2023-05-25,buy,1005.0,160.7452403524424,6.0,96447.14421146545,1003.3448912708503,,
2023-05-26,cap_sell,,,,,,186195.91610127632,
2023-05-29,cap_sell,,,,,,98190.14680113818,
2023-05-29,buy,990.0,158.46583630592323,6.0,95079.50178355393,988.562428343296,,
2023-05-30,cap_sell,,,,,,186981.93006506623,
2023-05-31,cap_sell,,,,,,187577.04525083388,
2023-06-01,buy,1020.0,165.5524526470237,6.0,99331.47158821422,1022.1848253471748,,
2023-06-12,buy,1050.0,170.41468122520666,11.0,187456.14934772733,1052.2379493482877,,
2023-06-15,buy,1075.0,173.061572832423,11.0,190367.7301156653,1075.0306303876882,,
2023-06-23,buy,1150.0,184.5163378808436,10.0,184516.33788084358,1149.0377346598746,,
2023-06-26,cap_sell,,,,,,99830.65576332969,
2023-06-26,buy,1120.0,179.0522024722685,11.0,196957.42271949534,1118.01576605784,,
2023-06-27,cap_sell,,,,,,98450.52540150465,
2023-06-28,cap_sell,,,,,,96447.14421146545,
2023-07-03,buy,1140.0,184.36162581772123,10.0,184361.62581772124,1141.3730987484457,,
2023-07-04,cap_sell,,,,,,95079.50178355393,
2023-07-05,cap_sell,,,,,,99331.47158821422,
2023-07-05,buy,1145.0,183.9697591216493,10.0,183969.75912164932,1144.4528807997078,,
2023-07-06,cap_sell,,,,,,187456.14934772733,
2023-07-10,buy,1215.0,196.30768580286883,10.0,196307.68580286883,1216.1701728757664,,
2023-07-11,cap_sell,,,,,,190367.7301156653,
2023-07-11,buy,1205.0,192.93407213646378,10.0,192934.07213646377,1203.3370441244297,,
2023-07-12,cap_sell,,,,,,184516.33788084358,
2023-07-18,buy,1170.0,188.96749990001047,10.0,188967.49990001047,1171.0153725767527,,
2023-07-19,cap_sell,,,,,,196957.42271949534,
2023-07-20,cap_sell,,,,,,184361.62581772124,
2023-07-20,buy,1155.0,186.3002323346252,5.0,93150.1161673126,1155.6100927912612,,
2023-07-21,cap_sell,,,,,,183969.75912164932,
2023-07-25,cap_sell,,,,,,196307.68580286883,
2023-07-25,buy,1150.0,185.19243982116302,5.0,92596.21991058151,1150.1239597374645,,
2023-07-26,cap_sell,,,,,,192934.07213646377,
2023-08-07,buy,1200.0,194.43221977032863,10.0,194432.21977032864,1202.0337000922889,,
2023-08-08,cap_sell,,,,,,188967.49990001047,
2023-08-08,buy,1175.0,190.12339864543264,5.0,95061.69932271632,1176.5779388469416,,
2023-08-09,buy,1160.0,185.29924741161665,5.0,92649.62370580832,1157.7070183001572,,
2023-08-14,buy,1230.0,196.57171689500092,10.0,196571.71689500092,1227.7146307311282,,
2023-08-15,buy,1195.0,192.96975849698367,10.0,192969.75849698368,1195.9801401020188,,
2023-08-25,cap_sell,,,,,,93150.1161673126,
2023-08-25,buy,1185.0,191.28680570606775,5.0,95643.40285303388,1185.8626754568334,,
2023-08-28,cap_sell,,,,,,92596.21991058151,
2023-08-29,cap_sell,,,,,,194432.21977032864,
2023-08-29,buy,1160.0,187.5898401150797,5.0,93794.92005753986,1161.3872539576957,,
2023-08-30,cap_sell,,,,,,95061.69932271632,
2023-09-12,buy,1330.0,215.4216253362273,9.0,193879.46280260457,1332.135407422372,,
2023-09-14,buy,1320.0,213.2742304887007,9.0,191946.80743983062,1321.273996530453,,
2023-09-15,cap_sell,,,,,,92649.62370580832,
2023-09-18,buy,1315.0,210.35024024399365,9.0,189315.21621959427,1312.8696080153939,,
2023-09-19,cap_sell,,,,,,196571.71689500092,
2023-09-25,buy,1315.0,211.21681798342593,9.0,190095.13618508333,1314.2636108257368,,
2023-09-26,cap_sell,,,,,,192969.75849698368,
2023-09-27,buy,1300.0,208.17416032965048,9.0,187356.74429668544,1298.25344606001,,
2023-09-28,cap_sell,,,,,,95643.40285303388,
2023-09-28,buy,1265.0,204.45405563780912,4.0,81781.62225512364,1266.327099982099,,
2023-09-29,cap_sell,,,,,,93794.92005753986,
2023-10-02,cap_sell,,,,,,193879.46280260457,
2023-10-05,cap_sell,,,,,,191946.80743983062,
2023-10-05,buy,1295.0,207.84492765961375,4.0,83137.9710638455,1294.018479447958,,
2023-10-06,cap_sell,,,,,,189315.21621959427,
2023-10-06,buy,1280.0,206.02336306445704,4.0,82409.34522578282,1279.9712061674609,,
2023-10-11,buy,1320.0,213.57820775634502,9.0,192220.38698071052,1321.761086028871,,
2023-10-12,cap_sell,,,,,,190095.13618508333,
2023-10-12,buy,1275.0,204.12128483305446,4.0,81648.51393322178,1273.2073246628086,,
2023-10-17,buy,1310.0,211.67720761299665,9.0,190509.486851697,1311.294304225245,,
2023-10-19,cap_sell,,,,,,187356.74429668544,
2023-10-19,buy,1260.0,201.63789944940902,4.0,80655.1597797636,1258.0964893648757,,
2023-10-20,cap_sell,,,,,,81781.62225512364,
2023-10-23,cap_sell,,,,,,83137.9710638455,
2023-10-24,cap_sell,,,,,,82409.34522578282,
2023-10-25,cap_sell,,,,,,192220.38698071052,
2023-10-25,buy,1265.0,204.63451733516092,4.0,81853.80693406437,1266.61626275621,,
2023-10-27,buy,1245.0,201.35937873736214,4.0,80543.75149494485,1246.5269290068911,,
2023-10-30,cap_sell,,,,,,81648.51393322178,
2023-10-31,buy,1230.0,199.05690069556465,5.0,99528.45034778233,1231.7064351886975,,
2023-11-01,cap_sell,,,,,,190509.486851697,
2023-11-02,buy,1200.0,192.20758390769686,5.0,96103.79195384843,1198.463142416769,,
2023-11-09,buy,1200.0,191.924910303224,5.0,95962.45515161201,1198.0081235999971,,
2023-11-10,cap_sell,,,,,,80655.1597797636,
2023-11-15,buy,1230.0,197.1420426928795,5.0,98571.02134643975,1228.6327056961998,,
2023-11-29,buy,1420.0,227.77428509361016,8.0,182219.42807488813,1418.7100560620352,,
2023-11-30,buy,1380.0,223.4654747317462,8.0,178772.37978539697,1382.1280867557264,,
2023-12-04,buy,1355.0,218.5732496580805,9.0,196715.92469227244,1355.7369696414673,,
2023-12-05,cap_sell,,,,,,81853.80693406437,
2023-12-06,cap_sell,,,,,,80543.75149494485,
2023-12-13,buy,1340.0,216.97605336823403,9.0,195278.44803141063,1342.0469290425558,,
2023-12-14,cap_sell,,,,,,99528.45034778233,
2023-12-14,buy,1325.0,214.13075684401713,4.0,85652.30273760685,1326.356830481496,,
2023-12-15,cap_sell,,,,,,96103.79195384843,
2023-12-18,cap_sell,,,,,,95962.45515161201,
2023-12-19,cap_sell,,,,,,98571.02134643975,
2023-12-20,cap_sell,,,,,,182219.42807488813,
2023-12-20,buy,1305.0,209.107400514186,4.0,83642.9602056744,1303.460048975005,,
2023-12-21,cap_sell,,,,,,178772.37978539697,
2023-12-22,cap_sell,,,,,,196715.92469227244,
2023-12-22,buy,1305.0,209.61359154249953,4.0,83845.43661699981,1304.2740082228825,,
2023-12-25,buy,1275.0,204.59302079771362,4.0,81837.20831908545,1273.9661974582039,,
2023-12-26,cap_sell,,,,,,195278.44803141063,
2023-12-26,buy,1260.0,201.9658784569392,4.0,80786.35138277568,1258.6242804783801,,
2023-12-28,buy,1240.0,199.55422129225462,5.0,99777.11064612732,1239.92247106649,,
2023-12-29,cap_sell,,,,,,85652.30273760685,
2023-12-29,buy,1185.0,191.72213750067897,5.0,95861.06875033949,1186.5603993999157,,
2024-01-01,cap_sell,,,,,,83642.9602056744,
2024-01-04,buy,1230.0,197.9209064736374,5.0,98960.45323681869,1229.8845465191052,,
2024-01-05,cap_sell,,,,,,83845.43661699981,
2024-01-11,buy,1240.0,200.15033738370244,4.0,80060.13495348097,1240.8790481415797,,
2024-01-12,cap_sell,,,,,,81837.20831908545,
2024-01-24,buy,1365.0,219.93075875499437,9.0,197937.6828794949,1365.3323377414358,,
2024-02-06,take_profit,,,,,,107750.186350116,1.1240244632650667
2024-02-09,take_profit,,,,,,113069.9736499273,1.1332255756627878
2024-02-09,take_profit,,,,,,118348.64900141771,1.1959186233535313
2024-02-09,take_profit,,,,,,91653.15599571745,1.1448039158186858
2024-02-12,buy,1530.0,245.75029898427044,8.0,196600.23918741636,1529.14310461713,,
2024-02-14,take_profit,,,,,,96380.72435498847,1.1930322722253506
2024-02-16,buy,1570.0,251.28114944701053,7.0,175896.80461290735,1567.6827773325867,,
2024-02-19,buy,1550.0,248.22022362168093,8.0,198576.17889734474,1547.9378009670145,,
2024-02-20,buy,1515.0,243.88154901844064,8.0,195105.2392147525,1515.0198423476497,,
2024-02-21,buy,1490.0,241.05628639193083,8.0,192845.02911354468,1491.9427093218696,,
2024-02-22,cap_sell,,,,,,197937.6828794949,
2024-02-23,cap_sell,,,,,,196600.23918741636,
2024-02-23,buy,1440.0,232.31116225205267,4.0,92924.46490082107,1440.8259884910103,,
2024-02-26,cap_sell,,,,,,175896.80461290735,
2024-02-27,cap_sell,,,,,,198576.17889734474,
2024-02-28,buy,1445.0,231.45247152076422,4.0,92580.98860830569,1443.1533997200231,,
2024-03-05,buy,1520.0,243.1966683709901,8.0,194557.33469679207,1517.6247341000483,,
2024-03-07,buy,1510.0,244.18611160220348,8.0,195348.8892817628,1511.799234556829,,
2024-03-13,buy,1530.0,245.11994008161662,8.0,196095.9520652933,1528.129441558486,,
2024-03-14,cap_sell,,,,,,195105.2392147525,
2024-03-14,buy,1500.0,242.39602692643632,4.0,96958.41077057453,1501.5101489201788,,
2024-03-15,cap_sell,,,,,,192845.02911354468,
2024-03-18,cap_sell,,,,,,92924.46490082107,
2024-03-18,buy,1490.0,241.2930310691795,4.0,96517.2124276718,1492.3218817044226,,
2024-03-19,cap_sell,,,,,,92580.98860830569,
2024-03-20,cap_sell,,,,,,194557.33469679207,
2024-03-20,buy,1465.0,236.91393959942957,4.0,94765.57583977183,1466.7534621513182,,
2024-03-21,cap_sell,,,,,,195348.8892817628,
2024-03-22,buy,1455.0,235.33437736438077,4.0,94133.75094575231,1456.8017322489331,,
2024-03-25,cap_sell,,,,,,196095.9520652933,
2024-03-27,buy,1475.0,236.23307286580916,4.0,94493.22914632366,1473.075411000987,,
2024-04-01,buy,1485.0,238.54817193739962,4.0,95419.26877495984,1484.2098076179545,,
2024-04-02,cap_sell,,,,,,96958.41077057453,
2024-04-02,buy,1455.0,234.22545186826653,4.0,93690.18074730661,1455.0231956932148,,
2024-04-03,cap_sell,,,,,,96517.2124276718,
2024-04-03,buy,1400.0,224.8842592492258,4.0,89953.70369969032,1399.2395448487086,,
2024-04-04,cap_sell,,,,,,94765.57583977183,
2024-04-05,buy,1365.0,220.76185029058524,4.0,88304.7401162341,1366.6650323811411,,
2024-04-08,cap_sell,,,,,,94133.75094575231,
2024-04-19,buy,1380.0,221.2339531265186,4.0,88493.58125060744,1378.5467112532551,,
2024-04-22,cap_sell,,,,,,94493.22914632366,
2024-04-24,buy,1390.0,223.9583763862969,4.0,89583.35055451875,1390.337753272469,,
2024-04-25,cap_sell,,,,,,95419.26877495984,
2024-05-03,buy,1425.0,230.42948775558364,8.0,184343.59020446692,1426.6802510072457,,
2024-05-21,take_profit,,,,,,101190.89213417897,1.1459282027327529
2024-05-21,take_profit,,,,,,98343.67511782757,1.1113085686895796
2024-05-22,buy,1700.0,272.14454688327635,7.0,190501.18281829346,1697.5821365029478,,
2024-05-23,take_profit,,,,,,103675.60394764575,1.1573088448455688
2024-05-24,take_profit,,,,,,104152.62377787146,1.157846975657435
2024-05-27,buy,1720.0,277.99324745683487,7.0,194595.2732197844,1721.8050474249153,,
2024-05-29,buy,1665.0,267.5652547345387,7.0,187295.6783141771,1664.2781792232722,,
2024-06-03,buy,1700.0,272.259575354342,7.0,190581.70274803942,1697.7672643605836,,
2024-06-04,cap_sell,,,,,,93690.18074730661,
2024-06-07,buy,1720.0,276.0240774197973,7.0,193216.85419385813,1718.6440974898976,,
2024-06-10,cap_sell,,,,,,184343.59020446692,
2024-06-17,buy,1910.0,306.5247299968721,6.0,183914.83799812326,1908.509785574588,,
2024-06-18,cap_sell,,,,,,190501.18281829346,
2024-06-24,buy,1995.0,321.9246683964028,6.0,193154.80103784168,1996.2676979710845,,
2024-06-25,cap_sell,,,,,,194595.2732197844,
2024-06-25,take_profit,,,,,,206984.68493902945,1.1051225890638292
2024-06-26,buy,2060.0,330.14384455187326,6.0,198086.30673112394,2057.663395046316,,
2024-07-01,take_profit,,,,,,214023.7816899642,1.1230027783565175
2024-07-02,take_profit,,,,,,224434.6061871658,1.1615684724997453
2024-07-09,buy,2125.0,341.4731683874717,5.0,170736.58419373582,2124.056232104339,,
2024-07-12,buy,2075.0,334.60627632341016,5.0,167303.13816170508,2075.9533658497962,,
2024-07-26,buy,2165.0,347.2620186224426,5.0,173631.0093112213,2163.011477069373,,
2024-07-29,cap_sell,,,,,,183914.83799812326,
2024-07-29,buy,2115.0,340.6163385394582,2.0,68123.26770789163,2115.2653584286727,,
2024-07-30,cap_sell,,,,,,193154.80103784168,
2024-08-01,cap_sell,,,,,,198086.30673112394,
2024-08-01,buy,2135.0,345.2054895729203,2.0,69041.09791458407,2137.462180265504,,
2024-08-05,cap_sell,,,,,,170736.58419373582,
2024-08-05,buy,2150.0,346.63217977285785,2.0,69326.43595457157,2150.8782472031926,,
2024-08-15,cap_sell,,,,,,167303.13816170508,
2024-08-15,buy,2150.0,347.0588281620692,2.0,69411.76563241384,2151.562592373203,,
2024-08-19,buy,2080.0,334.79843598564423,2.0,66959.68719712885,2079.970022624053,,
2024-08-20,cap_sell,,,,,,173631.0093112213,
2024-08-29,buy,2060.0,332.47249645687293,3.0,99741.74893706189,2061.403709940409,,
2024-08-30,buy,2015.0,323.08026406632234,3.0,96924.0792198967,2012.952990319443,,
2024-09-02,cap_sell,,,,,,68123.26770789163,
2024-09-02,buy,1970.0,318.380285223889,3.0,95514.08556716671,1972.0370260274549,,
2024-09-03,cap_sell,,,,,,69041.09791458407,
2024-09-05,buy,1910.0,308.567867703277,3.0,92570.3603109831,1911.7897664664458,,
2024-09-06,cap_sell,,,,,,69326.43595457157,
2024-09-06,buy,1865.0,299.1893042467127,3.0,89756.79127401381,1863.3621754546714,,
2024-09-09,cap_sell,,,,,,69411.76563241384,
2024-09-10,cap_sell,,,,,,66959.68719712885,
2024-09-12,buy,1860.0,298.13860932428406,3.0,89441.58279728521,1857.9667678648582,,
2024-09-13,cap_sell,,,,,,99741.74893706189,
2024-09-16,buy,1810.0,291.45666520612053,3.0,87436.99956183616,1810.1627848000473,,
2024-09-17,cap_sell,,,,,,96924.0792198967,
2024-09-18,buy,1780.0,286.53361043295456,3.0,85960.08312988636,1780.0119338738089,,
2024-09-19,cap_sell,,,,,,95514.08556716671,
2024-09-20,buy,1740.0,279.25185630977046,3.0,83775.55689293114,1738.6575869535664,,
2024-09-23,cap_sell,,,,,,92570.3603109831,
2024-09-30,buy,1820.0,293.7820030197231,3.0,88134.60090591693,1821.3109975068526,,
2024-10-01,cap_sell,,,,,,89756.79127401381,
2024-10-02,buy,1755.0,282.82706923273406,3.0,84848.12076982022,1755.5218974033794,,
2024-10-03,cap_sell,,,,,,89441.58279728521,
2024-10-04,buy,1725.0,277.7387363287464,3.0,83321.62089862392,1725.1057952305327,,
2024-10-07,cap_sell,,,,,,87436.99956183616,
2024-10-08,buy,1740.0,279.781753007631,3.0,83934.5259022893,1739.509158989381,,
2024-10-09,cap_sell,,,,,,85960.08312988636,
2024-10-10,buy,1715.0,276.0249455323076,3.0,82807.48365969227,1714.9386687928234,,
2024-10-11,cap_sell,,,,,,83775.55689293114,
2024-10-22,buy,1845.0,295.6314441203813,6.0,177378.86647222878,1842.8177492415175,,
2024-10-28,buy,1815.0,291.2491154000485,6.0,174749.46924002908,1813.5362829199637,,
2024-11-06,buy,1885.0,302.5657032419232,6.0,181539.4219451539,1883.6146228702698,,
2024-11-07,buy,1850.0,297.6113113253873,6.0,178566.7867952324,1849.706539851289,,
2024-11-08,cap_sell,,,,,,88134.60090591693,
2024-11-11,cap_sell,,,,,,84848.12076982022,
2024-11-21,buy,2060.0,331.7493347909075,6.0,199049.6008745445,2060.2434191879347,,
2024-11-22,cap_sell,,,,,,83321.62089862392,
2024-11-25,cap_sell,,,,,,83934.5259022893,
2024-11-25,buy,2075.0,334.05713357312663,5.0,167028.56678656331,2075.0720498139976,,
2024-11-26,cap_sell,,,,,,82807.48365969227,
2024-11-27,cap_sell,,,,,,177378.86647222878,
2024-11-27,buy,2040.0,328.6783577866254,6.0,197207.01467197522,2040.4816431999727,,
2024-11-28,cap_sell,,,,,,174749.46924002908,
2024-11-28,buy,2015.0,325.8198890192332,6.0,195491.9334115399,2017.351110828202,,
2024-11-29,cap_sell,,,,,,181539.4219451539,
2024-11-29,buy,1985.0,319.2267069893651,6.0,191536.02419361906,1984.520999331878,,
2024-12-02,cap_sell,,,,,,178566.7867952324,
2024-12-02,buy,1960.0,316.29414882020194,3.0,94888.24464606059,1961.2731738318428,,
2024-12-03,cap_sell,,,,,,199049.6008745445,
2024-12-03,buy,1940.0,312.89564132957423,3.0,93868.69239887227,1940.985877199565,,
2024-12-04,cap_sell,,,,,,167028.56678656331,
2024-12-04,buy,1920.0,309.40727014668755,3.0,92822.18104400627,1920.5543100232908,,
2024-12-05,cap_sell,,,,,,197207.01467197522,
2024-12-06,cap_sell,,,,,,195491.9334115399,
2024-12-06,buy,1910.0,308.61586833876197,3.0,92584.7605016286,1911.86670770768,,
2024-12-09,cap_sell,,,,,,191536.02419361906,
2024-12-12,buy,1925.0,308.9256101258313,3.0,92677.6830377494,1923.4878212983672,,
2024-12-18,buy,1950.0,314.53387066245114,3.0,94360.16119873534,1951.0316483489828,,
2024-12-19,cap_sell,,,,,,94888.24464606059,
2024-12-20,buy,1930.0,309.8453510231285,3.0,92953.60530693855,1928.6725287414276,,
2024-12-23,cap_sell,,,,,,93868.69239887227,
2024-12-26,buy,1930.0,310.7365599481177,3.0,93220.96798443531,1930.1042261357145,,
2024-12-27,cap_sell,,,,,,92822.18104400627,
2024-12-27,buy,1895.0,306.16186744742186,3.0,91848.56023422656,1896.8034540541198,,
2024-12-30,cap_sell,,,,,,92584.7605016286,
